{
  "features": [
    "binding",
    "dai",
    "hydro"
  ],
  "intercept": -1.526433235084789,
  "weights": {
    "binding": 1.034780576818106,
    "dai": -0.12815884450307907,
    "hydro": -0.15372605492731087
  },
  "standardizer": {
    "mean": [
      -30.971140047568547,
      0.3054198734176831,
      0.46331702029040894
    ],
    "std": [
      31.361515670076596,
      0.5816769688278114,
      0.22031873557742343
    ]
  },
  "train": {
    "corpus": "CEDAR (neoag_tested, class-I HLA 8-11mer)",
    "n": 50033,
    "n_pos": 11179
  }
}